id,description,view,category,status,createdDate
36,internal build order,planned,Network Order,New,2024-04-09
131,systemTest,,Network Order,new,2024-05-19
132,systemTest,,Network Order,new,2024-05-19
133,systemTest,,Network Order,new,2024-05-19
134,systemTest,,Network Order,new,2024-05-21
135,systemTest,,Network Order,new,2024-05-19
136,systemTest,,Network Order,new,2024-05-18
137,systemTest,,Network Order,new,2024-05-23
138,systemTest,,Network Order,new,2024-05-23
139,systemTest,,Network Order,new,2024-05-19
162,systemTest,,Network Order,new,2024-05-21
164,systemTest,,Network Order,new,2024-05-21
169,systemTest,,Network Order,new,2024-05-21
185,systemTest,,Network Order,new,2024-05-21
187,systemTest,,Network Order,new,2024-05-21
210,systemTest,,Network Order,new,2024-05-21
220,systemTest,,Network Order,new,2024-05-28
